{"cameraMode":{"drawMode":0,"name":"Shaded","section":"Shading Mode"},"sceneLighting":true,"audioPlay":false,"sceneViewState":{"m_AlwaysRefresh":false,"showFog":true,"showSkybox":true,"showFlares":true,"showImageEffects":true,"showParticleSystems":true,"showVisualEffectGraphs":true,"m_FxEnabled":true},"in2DMode":false,"pivot":{"x":-12.435478210449219,"y":1.8992480039596558,"z":8.410404205322266},"rotation":{"x":0.008868956007063389,"y":0.9791889190673828,"z":-0.19798390567302705,"w":0.04427254572510719},"size":1.042038083076477,"orthographic":false}