{"cameraMode":{"drawMode":0,"name":"Shaded","section":"Shading Mode"},"sceneLighting":false,"audioPlay":false,"sceneViewState":{"m_AlwaysRefresh":false,"showFog":true,"showSkybox":false,"showFlares":true,"showImageEffects":true,"showParticleSystems":true,"showVisualEffectGraphs":true,"m_FxEnabled":true},"in2DMode":false,"pivot":{"x":-1.6184948682785035,"y":1.1906828880310059,"z":-1.3105885982513428},"rotation":{"x":-0.14907437562942506,"y":0.4779526889324188,"z":-0.08270380645990372,"w":-0.8617123365402222},"size":0.4330126941204071,"orthographic":false}